source_path,reviewed_scope,destination,source_words,sha256
00_Source_Materials/World_Reference/The_REVERIE_DIRECTORATE.md,"Facility structure, rooms, missions, assignment, upgrades, atmosphere, Echo-Core register, incidents",departments/index.html; departments/floor-1 through floor-8,17208,63522779f52ae32cf2e9454621435c15f9e57107cfa702fe957932af1b9f43b9
00_Source_Materials/Character_Wiki/THE_DIRECTOR.md,Role in the Reverie Directorate,departments/floor-1-neutral-command.html,6701,1b888905ec774be78944219ce9927a38ffde44ca1dc7a319a1b75176ed679ebf
00_Source_Materials/Character_Wiki/THE_SECRETARY.md,Role in the Reverie Directorate,departments/floor-1-neutral-command.html,10795,e648fe13788d28d9c3c8fb6b0966ebea8ac57cd05f6a6ec557faf054b748c4c0
00_Source_Materials/Character_Wiki/THE_CONTAINMENT_LEAD.md,Role in the Reverie Directorate,departments/floor-2-maws-keep.html,16254,91f2d1a3e408429553e1efcf5226365f751cfc8a91eabfeb59ab628873b09856
00_Source_Materials/Character_Wiki/THE_EXTRACTION_LEAD.md,Role in the Reverie Directorate,departments/floor-3-extraction-hall.html,14175,d2fe88893d93e3d4ec8fd7f35b287c7f40f85bb1f1d036af9feba26d36f37007
00_Source_Materials/Character_Wiki/THE_RESEARCH_LEAD.md,Role in the Reverie Directorate,departments/floor-4-insight-forge.html,13132,c131fa14a6a87d21802ce33fbbee28a28704ef9e7fad9c743edc163693a5989e
00_Source_Materials/Character_Wiki/THE_BORDER_LEAD.md,Role in the Reverie Directorate,departments/floor-5-border-watch.html,15039,45c93475652ec2f9a65b3d0d0dd2d1cd56fab6779f079016ad7375cf980938ca
00_Source_Materials/Character_Wiki/THE_ARCHIVE_LEAD.md,Role in the Reverie Directorate,departments/floor-6-deep-vault.html,13245,dbf75395a50942577e908ee7fefbfabb3039e46cb376e597b40cb766564c7d9e
00_Source_Materials/Character_Wiki/THE_OUTSIDER.md,Role in the Reverie Directorate,departments/floor-7-shadow-corps.html,12739,8067207a40931c1f2f011b8e9ed44e4c190e4ac12f818ce77485288442d80b11
00_Source_Materials/Character_Wiki/THE_EXILE.md,Role in the Reverie Directorate,departments/floor-8-gate-watch.html,11392,fd25b7ac2d418901cd7b4f093bf2efcbd2eae9b46651d40bad598bc8cd9a2c65
00_Source_Materials/Absolvohan/ABSOLOVHAN PART 1.md,Day 0 command and facility report,departments/floor-1-neutral-command.html,1532,3640827ac74d2311c4df4cd52d86b5fa5b6037ed491bb3957b4a55f6a28ef726
00_Source_Materials/Absolvohan/ABSOLOVHAN PART 2.md,"Days 1, 7, 12, and 17 operational events","departments/floor-2, floor-3, floor-5, floor-6, and floor-7 articles",3845,fe3e71546c92722398eaa29f9198de39c84e615a549753ee2659ee0e263a7d7f
00_Source_Materials/Absolvohan/ABSOLOVHAN PART 6.md,Altered Absolvohan and open-gate decisions,departments/floor-3-extraction-hall.html; departments/floor-5-border-watch.html,3784,a3e0370e752493cbc34d7edf3523edac18642202cad3a2cbafb16b0639f4e572
00_Source_Materials/Absolvohan/ABSOLOVHAN PART 9.md,"Days 350, 355, and 365 current transition",departments/floor-2-maws-keep.html; departments/floor-8-gate-watch.html,3462,34a69071565b88a6faf64f40ada16156c065c0eecec9f3aea67cae63b762ac40
05_Wiki_Project/00_Lobotomy_Corporation_Wiki_Research/visual_reference/LOBOTOMY_WIKI_VISUAL_STYLE_ANALYSIS.md,"Four-layer shell, eight tiles, department rail, angular visual hierarchy",index.html; all pages,1529,4d00a76fe5935126c4b672a08d7a3dd5180608ffab0b92eb023c619087a2cbc5
05_Wiki_Project/00_Lobotomy_Corporation_Wiki_Research/analysis/core_template_contracts.md,Department and article template expectations,all article structures,928,c9403318b74a3eb47ae6af4efa3a34c586dd7a685fc21ef82e057c118a88859a
05_Wiki_Project/00_Lobotomy_Corporation_Wiki_Research/SOMNARAK_SE_TYPE_MAPPING_RESEARCH.md,Future entity page-type boundary; no entity stubs generated,project/source-map.html,958,c372093e02317a641088cd47744694a8403f5a6e7600ae6fd33e9f3bd016a237
